bddc844c56bc11e4aec9525409017161,2014-10-18,11:50:14,http://ame.xp3.biz/scan/Afgan.tgz
11d42a585e2b11e4aec9525409017161,2014-10-27,22:47:06,http://actafool.ucoz.hu/uptime.tgz
11d42a585e2b11e4aec9525409017161,2014-10-27,22:50:44,http://actafool.ucoz.hu/mech.tgz
11d42a585e2b11e4aec9525409017161,2014-10-27,22:54:06,http://database.do.am/exploit/exploit.tgz
a82159366bfa11e4aec9525409017161,2014-11-14,12:36:10,http://actafool.ucoz.hu/actmech.tgz
bd28a244726711e4aec9525409017161,2014-11-22,16:51:18,http://service
c7eeddbe77d111e48d51525409017161,2014-11-29,14:13:30,http://actafool.ucoz.hu/actmech.tgz
701cc5247d1c11e48d51525409017161,2014-12-06,07:50:41,http://actafool.ucoz.hu/actmech.tgz
701cc5247d1c11e48d51525409017161,2014-12-06,07:51:59,http://actafool.ucoz.hu/log.tgz
590d073c7d6b11e48d51525409017161,2014-12-06,17:15:46,http://rename.altervista.org/s1.tgz
590d073c7d6b11e48d51525409017161,2014-12-06,17:17:07,http://oper.altervista.org/b2.txt
3611250c8a9911e48d51525409017161,2014-12-23,11:52:16,http://karunska-kiev-ua.1gb.ua/e.tgz
607c8646993611e48d51525409017161,2015-01-11,02:06:49,http://mrunix.free.fr/ssh1.tar
c68d2030ab7411e48d51525409017161,2015-02-03,07:19:32,http://www.appolo-online.com/visitas.txt
d7250b96ab7511e48d51525409017161,2015-02-03,07:27:11,http://www.appolo-online.com/visitas.txt
d7250b96ab7511e48d51525409017161,2015-02-03,07:28:03,http://www.appolo-online.com/deviceservices.zip
d7250b96ab7511e48d51525409017161,2015-02-03,07:36:27,http://www.appolo-online.com/deviceservices.zip
d7250b96ab7511e48d51525409017161,2015-02-03,07:57:11,http://www.appolo-online.com/deviceservices.zip
3281bbb6b47611e4b05c525409017161,2015-02-14,18:21:15,http://nobody.at.ua/ddos.txt
872ebeeab6d111e4b05c525409017161,2015-02-17,18:26:55,http://lgnclan.com/rekkeh
b01f8dd2b6d811e4b05c525409017161,2015-02-17,19:13:27,http://lgnclan.com/rekkeh
e0d108a4bdc511e4b05c525409017161,2015-02-26,15:12:35,http://download.microsoft.com/download/win2000platform/SP/SP3/NT5/EN-US/W2Ksp3.exe
e0d108a4bdc511e4b05c525409017161,2015-02-26,15:12:49,http://dinoo.fisierul.ro/shadowfire.jpg
e0d108a4bdc511e4b05c525409017161,2015-02-26,15:15:43,http://root-arhive.serveftp.com/altele/pico.jpg
95f41094c1bf11e4b05c525409017161,2015-03-03,16:10:07,http://perl
